,,,Geographical Distribution,,,,
,,,,,,,
,,,,,,,
,,,,,,,
,,,,,,,
,,,,,,,
,,,,,,,
,,,,,,,
,,,,,,,
,,,,,,,
,,,,,,,
,,,,,,,
,,,,,,,
,,,,,,,
,,,,,,,
,,,,,,,
,,,,,,,
,,,,,,,
,,,,,,,
,,,,,,,
,,,,,,,
,,,,,,,
,,,,,,,
,,,,,,,
,,,,,,,
,,,,,,,
,,,,,,,
,,,,,,,
,,,,,,,
Country,Count,,Gender,Count,,Language,Count
Germany,7,,Female,20,,Python,27
Russia,5,,Male,16,,SQL,24
Turkey,3,,,,,HTML/CSS,16
Australia,2,,,,,C,11
Austria,2,,,,,Java,10
Brazil,2,,,,,C++,9
Croatia,2,,,,,Javascript,8
United Kingdom,2,,,,,Go,5
United States,2,,,,,R,5
Algeria,1,,,,,Ruby,4
American Samoa,1,,,,,,
Armenia,1,,,,,,
Belgium,1,,,,,,
Canada,1,,,,,,
Denmark,1,,,,,,
Estonia,1,,,,,,
Italy,1,,,,,,
Mali,1,,,,,,